"","prediction","d.CMS1","d.CMS2","d.CMS3","d.CMS4","p.value","FDR"
"GSM971957","CMS4",0.702089421459797,0.718893723296719,0.73991928680777,0.621415829298245,0.001,0.00128054298642534
"GSM971958","CMS4",0.703421928643406,0.693412345341772,0.751304499399989,0.433625628268727,0.001,0.00128054298642534
"GSM971959","CMS1",0.665248606756161,0.763249367389318,0.681258892826594,0.838968981083377,0.013986013986014,0.0163218225073895
"GSM971960","CMS2",0.778204643658552,0.616890824658397,0.647137124582919,0.822270875510179,0.001,0.00128054298642534
"GSM971961","CMS4",0.713320245837645,0.703999177002528,0.745927301729879,0.47503723503562,0.001,0.00128054298642534
"GSM971962","CMS4",0.671357715154086,0.785710943640959,0.726379252586425,0.413556292711411,0.001,0.00128054298642534
"GSM971963","CMS1",0.57302878935668,0.791332894782276,0.746762357935039,0.626993656562448,0.001,0.00128054298642534
"GSM971964","CMS2",0.778684105403001,0.667467340473344,0.673351406661842,0.797955940100947,0.001,0.00128054298642534
"GSM971965","CMS3",0.781908005806669,0.649545139009314,0.564016586491557,0.628777149759226,0.001,0.00128054298642534
"GSM971966","CMS4",0.656871548147327,0.710155488603765,0.755378435469412,0.598748005135005,0.001,0.00128054298642534
"GSM971967","CMS3",0.703823991858482,0.797797108001205,0.560114687637492,0.825699255983123,0.001,0.00128054298642534
"GSM971968","CMS4",0.647851234302088,0.788717041894017,0.704025811920847,0.540510703428001,0.001,0.00128054298642534
"GSM971969","CMS1",0.621908844277939,0.754963540218193,0.711427588635912,0.754895325633748,0.001,0.00128054298642534
"GSM971970","CMS3",0.696400462477112,0.79745664338384,0.613917564563276,0.813373310120326,0.001,0.00128054298642534
"GSM971971","CMS3",0.619271295382771,0.756304195987195,0.596084418234174,0.769029751027052,0.001,0.00128054298642534
"GSM971972","CMS4",0.711687821610221,0.681378743718008,0.660654682021367,0.638404001523537,0.001998001998002,0.00245307837498727
"GSM971973","CMS1",0.620258955163675,0.777226530424609,0.741018613591615,0.700942580576307,0.001,0.00128054298642534
"GSM971974","CMS3",0.705783652933597,0.750931018288361,0.521134876451437,0.698437408024159,0.001,0.00128054298642534
"GSM971975","CMS2",0.755068238255596,0.600983117316639,0.712411131883669,0.784755173169682,0.001,0.00128054298642534
"GSM971976","CMS2",0.811367825128757,0.607483371729276,0.764778663408501,0.767473451465452,0.001,0.00128054298642534
"GSM971977","CMS4",0.613550680876848,0.790392346852316,0.610822965204957,0.546317331283527,0.001,0.00128054298642534
"GSM971978","CMS1",0.559841994738838,0.751607107199191,0.721994954595012,0.748896818791375,0.001,0.00128054298642534
"GSM971979","CMS1",0.58393040749909,0.840078387855886,0.647050264484492,0.696757184228369,0.001,0.00128054298642534
"GSM971980","CMS1",0.514555827839327,0.76526354881689,0.648861602557635,0.687807090215018,0.001,0.00128054298642534
"GSM971981","CMS1",0.563144701968038,0.843351321787655,0.737922999717399,0.653764149123111,0.001,0.00128054298642534
"GSM971982","CMS1",0.504480899648875,0.809731437359818,0.717423063833112,0.595959616216108,0.001,0.00128054298642534
"GSM971983","CMS1",0.518240425480571,0.806912617436172,0.697908086568184,0.633307839536333,0.001,0.00128054298642534
"GSM971984","CMS1",0.608441595200873,0.801820448092967,0.792835787030179,0.679325507777146,0.001,0.00128054298642534
"GSM971985","CMS3",0.722731967689053,0.743676307339313,0.524074548009967,0.859707761483151,0.001,0.00128054298642534
"GSM971986","CMS4",0.730714606910759,0.633367952084301,0.761771058370462,0.541472305281329,0.001,0.00128054298642534
"GSM971987","CMS4",0.738485976912613,0.733568289095213,0.624182449462806,0.562474369566073,0.001,0.00128054298642534
"GSM971988","CMS1",0.537418370621796,0.770169598734079,0.638290366145906,0.736702252057456,0.001,0.00128054298642534
"GSM971989","CMS3",0.658646251206952,0.759846622009747,0.592509039622723,0.835029896538949,0.001,0.00128054298642534
"GSM971990","CMS3",0.679586113301086,0.728882011283199,0.66131543571769,0.815662046249862,0.001998001998002,0.00245307837498727
"GSM971991","CMS4",0.790644801912684,0.643300965136436,0.796078386652489,0.621210236954368,0.001,0.00128054298642534
"GSM971992","CMS2",0.745936557217549,0.624414969329822,0.739723639998733,0.821517693363202,0.001,0.00128054298642534
"GSM971993","CMS3",0.557947409881815,0.695524460503865,0.557259658924178,0.693038356805752,0.024975024975025,0.028557301284574
"GSM971994","CMS2",0.747105514988934,0.628243515837891,0.672121242906592,0.670315523570617,0.001,0.00128054298642534
"GSM971995","CMS3",0.753752318567069,0.66543765228396,0.593366202748356,0.740248931786611,0.001,0.00128054298642534
"GSM971996","CMS4",0.619895570692111,0.762298624099129,0.740515197476263,0.379764355501982,0.001,0.00128054298642534
"GSM971997","CMS1",0.599247556652529,0.798634954112678,0.688144210531023,0.710590231703714,0.001,0.00128054298642534
"GSM971998","CMS3",0.74126101667111,0.682322296528847,0.611749422093938,0.725658435708559,0.001,0.00128054298642534
"GSM971999","CMS4",0.670638070465838,0.662788177096729,0.635942096762709,0.606503654981423,0.001,0.00128054298642534
"GSM972000","CMS2",0.827495436725516,0.597957049676669,0.753849860362144,0.683986358420436,0.001,0.00128054298642534
"GSM972001","CMS3",0.803029831840678,0.665633605604149,0.638329129615528,0.862984663598976,0.001,0.00128054298642534
"GSM972002","CMS3",0.709256765550433,0.8042433651659,0.585585843446243,0.778045236701035,0.001,0.00128054298642534
"GSM972003","CMS2",0.732279942878635,0.629765398658216,0.632908495838187,0.79432093385649,0.001,0.00128054298642534
"GSM972004","CMS2",0.771846237522319,0.617092637187738,0.625276833144637,0.745308208241974,0.001,0.00128054298642534
"GSM972005","CMS3",0.736988989802506,0.745405720417354,0.556996848935365,0.871284791716492,0.001,0.00128054298642534
"GSM972006","CMS4",0.737380880202702,0.679078862549403,0.701575261860571,0.569822995868636,0.001,0.00128054298642534
"GSM972007","CMS4",0.619752550346369,0.771977345369353,0.694671242360882,0.474219129427428,0.001,0.00128054298642534
"GSM972008","CMS4",0.580235520042755,0.796046697801542,0.76489350720889,0.51915875587259,0.001,0.00128054298642534
"GSM972009","CMS3",0.68073984274833,0.68785649397019,0.588646338105563,0.593141544530912,0.001,0.00128054298642534
"GSM972010","CMS4",0.670477464613758,0.720550603349747,0.687404171965899,0.58883198438515,0.001,0.00128054298642534
"GSM972011","CMS4",0.639266451837956,0.780824211187116,0.755042385047941,0.444664770890823,0.001,0.00128054298642534
"GSM972012","CMS3",0.736909731510945,0.700477455462428,0.57686495968277,0.835525703492517,0.001,0.00128054298642534
"GSM972013","CMS2",0.819992593770376,0.63735687190943,0.698529883947883,0.659686415958501,0.001,0.00128054298642534
"GSM972014","CMS2",0.7806318971994,0.640157343662835,0.760170145889767,0.765821676553876,0.001,0.00128054298642534
"GSM972015","CMS1",0.546866598767177,0.829221978571697,0.697016693095504,0.730314445482517,0.001,0.00128054298642534
"GSM972016","CMS4",0.627426614870667,0.755564494522512,0.647734667076813,0.615765687860601,0.001,0.00128054298642534
"GSM972017","CMS4",0.770364636009977,0.697758562948829,0.795606142378685,0.626593669348013,0.001,0.00128054298642534
"GSM972018","CMS4",0.71837315394434,0.664123343709649,0.797709787770921,0.581207141759119,0.001,0.00128054298642534
"GSM972019","CMS4",0.60530967020087,0.773539909151117,0.72233105100435,0.483699985359269,0.001,0.00128054298642534
"GSM972020","CMS4",0.687501289386462,0.654712948779174,0.649482951383076,0.556044395122692,0.001,0.00128054298642534
"GSM972021","CMS4",0.707215584459668,0.786894386551405,0.765141253159666,0.648276350250119,0.001,0.00128054298642534
"GSM972022","CMS4",0.763518763190517,0.692156270402462,0.717173254641141,0.607249041181034,0.001,0.00128054298642534
"GSM972023","CMS4",0.721221143135643,0.719501203622942,0.656469791600459,0.616376907682803,0.001,0.00128054298642534
"GSM972024","CMS2",0.839100487382883,0.607891064228164,0.789381660470706,0.765723533239082,0.001,0.00128054298642534
"GSM972025","CMS3",0.766876857359051,0.686638188698832,0.62829953566366,0.723719942683724,0.001,0.00128054298642534
"GSM972026","CMS4",0.625891579224151,0.773258346725032,0.768204531941725,0.534636693900606,0.001,0.00128054298642534
"GSM972027","CMS2",0.766155699193569,0.633958050876293,0.754635724522024,0.63583903865809,0.001,0.00128054298642534
"GSM972028","CMS4",0.693584142953147,0.66198633225961,0.693151928490029,0.611308501007076,0.001,0.00128054298642534
"GSM972029","CMS4",0.717113457869292,0.684568083801496,0.699529411821564,0.427083951852363,0.001,0.00128054298642534
"GSM972030","CMS4",0.656991043953196,0.793716592879246,0.679047920245949,0.494587093967788,0.001,0.00128054298642534
"GSM972031","CMS2",0.839014876148415,0.638311927396221,0.80694630479389,0.657900171232969,0.001,0.00128054298642534
"GSM972032","CMS2",0.818772279341327,0.591220307557485,0.721163023126936,0.740319294209263,0.001,0.00128054298642534
"GSM972033","CMS2",0.777371434546273,0.640818204169113,0.714016113473736,0.846819875827803,0.001,0.00128054298642534
"GSM972034",NA,0.747657185713341,0.688442711421242,0.715376797030358,0.858142134923209,0.911088911088911,0.934196238544065
"GSM972035","CMS2",0.810074334739345,0.653699910797955,0.793736241829416,0.872523339781236,0.00799200799200799,0.00940431709662479
"GSM972036","CMS3",0.736925491707612,0.675058519188023,0.579153297138619,0.793906811115688,0.001,0.00128054298642534
"GSM972037","CMS1",0.617497584494395,0.713070430056999,0.627374324043275,0.845456644160601,0.001998001998002,0.00245307837498727
"GSM972038","CMS2",0.723257735218837,0.609719723818598,0.76594675335856,0.780283912935172,0.001,0.00128054298642534
"GSM972039","CMS4",0.706144642817228,0.759904081354946,0.76568358230556,0.413475541514161,0.001,0.00128054298642534
"GSM972040","CMS2",0.774951146855046,0.617385908349566,0.709906253309963,0.738245259602698,0.001,0.00128054298642534
"GSM972041","CMS2",0.797439736581525,0.635528917640522,0.76685945254533,0.667828668365874,0.001,0.00128054298642534
"GSM972042","CMS3",0.669967205335957,0.686427176255769,0.594934334756197,0.869465538158671,0.001,0.00128054298642534
"GSM972043","CMS2",0.783981191545847,0.563614442667348,0.722968990910163,0.731783104017318,0.001,0.00128054298642534
"GSM972044","CMS3",0.717335653777713,0.777828431541492,0.614731977637897,0.88504313494767,0.001,0.00128054298642534
"GSM972045","CMS3",0.70269249398576,0.716115208812509,0.59972820720882,0.856473886529527,0.001,0.00128054298642534
"GSM972046","CMS4",0.700771915843453,0.68184268431989,0.723868329714425,0.55380784699231,0.001,0.00128054298642534
"GSM972047","CMS4",0.69749903502005,0.667025590457067,0.731238715161625,0.550141347249746,0.001,0.00128054298642534
"GSM972048","CMS2",0.768540505497218,0.626481659511602,0.731548592056374,0.758415355437187,0.00599400599400599,0.00706793206793207
"GSM972049","CMS3",0.690816097497952,0.782934646444751,0.613237588620971,0.820268510384652,0.001,0.00128054298642534
"GSM972050","CMS3",0.764144598775412,0.70635222573921,0.536323026367389,0.859481384544943,0.001,0.00128054298642534
"GSM972051","CMS4",0.713507468302205,0.720101414642317,0.752776712060979,0.387049135814327,0.001,0.00128054298642534
"GSM972052","CMS2",0.730098605820028,0.664691842474603,0.721909329851175,0.716061488349282,0.001,0.00128054298642534
"GSM972053","CMS2",0.760608713636068,0.669846413526689,0.80489536363879,0.834850371316146,0.038961038961039,0.0437538651824366
"GSM972054","CMS4",0.67738811676984,0.741330504762931,0.728142928853631,0.383060542004253,0.001,0.00128054298642534
"GSM972055","CMS4",0.645051274104309,0.717609420054865,0.641545585298571,0.567353651415754,0.001,0.00128054298642534
"GSM972056","CMS1",0.558948100615207,0.773177061273798,0.699994877734549,0.732408083273645,0.001,0.00128054298642534
"GSM972057",NA,0.768915081108652,0.654164809650153,0.774648792900031,0.749875949194761,0.49050949050949,0.516998829847992
"GSM972058","CMS1",0.528184352810825,0.822771989361447,0.699176672415147,0.60926444226316,0.001,0.00128054298642534
"GSM972059","CMS4",0.572663476090756,0.770738608006848,0.758621035666428,0.532348995567552,0.001,0.00128054298642534
"GSM972060","CMS4",0.76963621806282,0.667971911540289,0.793171223582685,0.638399941705991,0.00599400599400599,0.00706793206793207
"GSM972061",NA,0.740199696195214,0.660868476110547,0.726158694615981,0.671947354752711,0.602397602397602,0.627913522941147
"GSM972062","CMS3",0.70242527579955,0.636090426838812,0.61973601035324,0.645475657657935,0.001,0.00128054298642534
"GSM972063","CMS4",0.728065486936029,0.644160978795463,0.699266677474299,0.486986319719045,0.001,0.00128054298642534
"GSM972064","CMS4",0.674361937719922,0.721778580054964,0.731779293694036,0.438178100780211,0.001,0.00128054298642534
"GSM972065","CMS4",0.735614023419216,0.633006991379655,0.723477005459409,0.570167720487045,0.001,0.00128054298642534
"GSM972066","CMS2",0.792718967880503,0.61589530860566,0.805055949036343,0.681029507641503,0.001,0.00128054298642534
"GSM972067","CMS4",0.671792506865285,0.687153082313544,0.722011249975221,0.427615629579068,0.001,0.00128054298642534
"GSM972068","CMS4",0.662743955588249,0.717900519041902,0.740373883615879,0.347962797793702,0.001,0.00128054298642534
"GSM972069","CMS4",0.786116797868039,0.647501364291217,0.775543801345198,0.609880544870697,0.001,0.00128054298642534
"GSM972070","CMS3",0.725340186962432,0.667453582571928,0.552671753817739,0.715249330506262,0.001,0.00128054298642534
"GSM972071","CMS2",0.745886419478681,0.589538612842503,0.759375233308279,0.601957772611932,0.001,0.00128054298642534
"GSM972072","CMS1",0.548055851201667,0.817777284144236,0.741475544979875,0.619396111256858,0.001,0.00128054298642534
"GSM972073","CMS4",0.634383083844623,0.732220659089801,0.704711789246045,0.418579862174447,0.001,0.00128054298642534
"GSM972074","CMS2",0.792308074872367,0.569056338961678,0.7470124460546,0.705944529094613,0.001,0.00128054298642534
"GSM972075",NA,0.685701357558757,0.730419261785071,0.686906916906761,0.779769094964193,0.704295704295704,0.730094081742434
"GSM972076","CMS4",0.596941206248001,0.816988749323341,0.619130310787344,0.583273134833302,0.001,0.00128054298642534
"GSM972077","CMS4",0.649168508578919,0.692910047123152,0.662605256051958,0.47269659666644,0.001,0.00128054298642534
"GSM972078","CMS4",0.724100784908629,0.644405888224493,0.709508006010561,0.430863268495281,0.001,0.00128054298642534
"GSM972079","CMS4",0.568594115331363,0.735619079504783,0.649199528716537,0.48334817404389,0.001,0.00128054298642534
"GSM972080","CMS1",0.567393097153997,0.826691503436697,0.642808808056768,0.637460490696313,0.001,0.00128054298642534
"GSM972081","CMS2",0.731592902409313,0.593841178688214,0.657127447642115,0.653619226423316,0.001,0.00128054298642534
"GSM972082","CMS4",0.653445781610046,0.792333526301483,0.6418138328108,0.446583020805219,0.001,0.00128054298642534
"GSM972083","CMS4",0.656354424471276,0.719221020377217,0.743838747200148,0.618106555169089,0.001,0.00128054298642534
"GSM972084","CMS4",0.704825511363981,0.735833516146534,0.639528250512453,0.53893390149103,0.001,0.00128054298642534
"GSM972085","CMS4",0.760105959539334,0.639724942650169,0.746579718378105,0.565263016935345,0.001,0.00128054298642534
"GSM972086",NA,0.748022017479894,0.688645909114674,0.750443744523554,0.736142711668973,0.519480519480519,0.544492544492544
"GSM972087","CMS2",0.773731024815971,0.614707689787084,0.744073094149523,0.854327748349772,0.001,0.00128054298642534
"GSM972088","CMS4",0.71102266680974,0.736825953187628,0.630258585450867,0.515001776896908,0.001,0.00128054298642534
"GSM972089","CMS4",0.676631364735388,0.767858549932562,0.724421887826553,0.435010407662969,0.001,0.00128054298642534
"GSM972090","CMS2",0.794294504071908,0.643467604138612,0.681359256250561,0.895557354346032,0.001,0.00128054298642534
"GSM972091","CMS3",0.719539400692382,0.662572497804977,0.634391650326088,0.892468102074192,0.002997002997003,0.00364796493828752
"GSM972092","CMS4",0.699766130930417,0.729402859117184,0.762121014682507,0.463274478165381,0.001,0.00128054298642534
"GSM972093","CMS4",0.799330969986431,0.613056875913641,0.760728934496054,0.475270275668859,0.001,0.00128054298642534
"GSM972094","CMS4",0.727557260659159,0.693949363904922,0.761314076067431,0.518809696720864,0.001,0.00128054298642534
"GSM972095","CMS4",0.697745566550473,0.673591990994704,0.783141458277995,0.51688263051189,0.001,0.00128054298642534
"GSM972096","CMS2",0.768472202189068,0.6554816261753,0.68473492735103,0.860955459688967,0.001998001998002,0.00245307837498727
"GSM972097","CMS4",0.671276472909903,0.753966801635688,0.723316656530516,0.402133580572125,0.001,0.00128054298642534
"GSM972098","CMS3",0.724766459125362,0.769782528757375,0.614592559617802,0.858476791304509,0.001,0.00128054298642534
"GSM972099","CMS2",0.854709613107964,0.614482742566164,0.754278690681134,0.8215766448081,0.001,0.00128054298642534
"GSM972100","CMS1",0.627249059705976,0.744704623513651,0.645149976271279,0.80485147836109,0.001,0.00128054298642534
"GSM972101","CMS3",0.689745786422717,0.724273922144853,0.621157890799793,0.717854441566164,0.001,0.00128054298642534
"GSM972102","CMS4",0.706541883799909,0.727926979474839,0.656388937688745,0.571868539427445,0.001,0.00128054298642534
"GSM972103","CMS4",0.63025539734197,0.721667017604481,0.694474231327503,0.574030050494891,0.001,0.00128054298642534
"GSM972104","CMS4",0.696664603267877,0.701261826353943,0.692028070427054,0.331413731784206,0.001,0.00128054298642534
"GSM972105","CMS4",0.752089721212343,0.66564053396697,0.770417225850061,0.596202590130358,0.001,0.00128054298642534
"GSM972106","CMS4",0.70411930370041,0.680200402082562,0.713392386182273,0.629283568289289,0.001,0.00128054298642534
"GSM972107",NA,0.645466033236753,0.692265690955997,0.71066588601175,0.64691404801837,0.23976023976024,0.254604682372037
"GSM972108","CMS2",0.788577957030821,0.599138968591839,0.749612991917887,0.751129495527073,0.001,0.00128054298642534
"GSM972109","CMS1",0.663530939485894,0.705496278827636,0.689948331790507,0.797259227146498,0.018981018981019,0.0220600754481658
"GSM972110","CMS1",0.621632745591755,0.719260586640842,0.637536638525189,0.825471601607427,0.001,0.00128054298642534
"GSM972111","CMS3",0.69733899278983,0.688162666367065,0.592235744213612,0.702917502663831,0.001,0.00128054298642534
"GSM972112","CMS4",0.630105455495693,0.778597105212312,0.674485966970945,0.455149013486747,0.001,0.00128054298642534
"GSM972113","CMS4",0.701060116757713,0.746410768746519,0.75191732055131,0.370476798052612,0.001,0.00128054298642534
"GSM972114","CMS3",0.638761814842128,0.730619505501241,0.594696675077507,0.742685859691995,0.001,0.00128054298642534
"GSM972115","CMS3",0.749388580963168,0.624067109497392,0.61854292324725,0.718002062838501,0.001,0.00128054298642534
"GSM972116","CMS4",0.718754766122425,0.706196984176481,0.645475622927419,0.593230523897609,0.001,0.00128054298642534
"GSM972117","CMS1",0.56614689273238,0.762811804870594,0.626578838949173,0.730116941201998,0.001,0.00128054298642534
"GSM972118","CMS1",0.652209908026362,0.719491992759828,0.673928044797262,0.813927332731258,0.003996003996004,0.00483277406354329
"GSM972119","CMS2",0.84377260075245,0.571044689702452,0.777523277910988,0.678711236560669,0.001,0.00128054298642534
"GSM972120","CMS4",0.657213316304835,0.737310196130471,0.789642326850148,0.620084161985711,0.001,0.00128054298642534
"GSM972121","CMS3",0.745932937765371,0.757209081914688,0.595012880206406,0.807242395081538,0.001,0.00128054298642534
"GSM972122","CMS2",0.815680513382924,0.674418146795951,0.745442982733398,0.858056539536764,0.01998001998002,0.0231735477637117
"GSM972123","CMS2",0.753458476940047,0.603746714121276,0.741842663559885,0.80818046904887,0.001,0.00128054298642534
"GSM972124","CMS2",0.720093843609621,0.616054364799841,0.631890945407657,0.645658423854629,0.001,0.00128054298642534
"GSM972125","CMS4",0.697101986727592,0.694427775932568,0.677183735759253,0.408733138619762,0.001,0.00128054298642534
"GSM972126","CMS2",0.768525189584247,0.620052240624979,0.783547705262855,0.826211987341697,0.001,0.00128054298642534
"GSM972127","CMS4",0.72460786104874,0.657052855609141,0.685401290580175,0.509633999201657,0.001,0.00128054298642534
"GSM972128","CMS4",0.708111062400565,0.616218328531962,0.737440240114747,0.460366218744972,0.001,0.00128054298642534
"GSM972129","CMS1",0.634411452355926,0.788077775493676,0.653981805488829,0.778475131466792,0.026973026973027,0.0305946558451568
"GSM972130","CMS2",0.797922964213886,0.615187255370178,0.73708036079185,0.824387078228423,0.001,0.00128054298642534
"GSM972131","CMS4",0.703886512897485,0.705206203024805,0.752348446863318,0.372414623822204,0.001,0.00128054298642534
"GSM972132","CMS4",0.741741958944108,0.645544808679603,0.704697968897541,0.495924549321783,0.001,0.00128054298642534
"GSM972133","CMS4",0.663892715380406,0.705569480191771,0.650743953270114,0.471479785704566,0.001,0.00128054298642534
"GSM972134","CMS4",0.735813404363229,0.724997709129941,0.686552434842461,0.678870434144083,0.001,0.00128054298642534
"GSM972135","CMS3",0.746037395279482,0.777384256248997,0.613612659539989,0.86759624425758,0.001,0.00128054298642534
"GSM972136","CMS2",0.791764479698668,0.629882614381104,0.726774376934189,0.765075714014573,0.001,0.00128054298642534
"GSM972137","CMS2",0.802132291754262,0.641498865842181,0.768920049113215,0.758789272160547,0.001,0.00128054298642534
"GSM972138",NA,0.792751100803625,0.707080949197754,0.682607860541754,0.846809771359807,0.0799200799200799,0.0871575438049426
"GSM972139","CMS2",0.83048343664656,0.596567639185218,0.769074973527131,0.796750175699607,0.001,0.00128054298642534
"GSM972140","CMS4",0.665082820880273,0.75745070995863,0.707370819581798,0.487136752694089,0.001,0.00128054298642534
"GSM972141","CMS4",0.750373179711507,0.683906673508971,0.786172683772872,0.573145839636369,0.001,0.00128054298642534
"GSM972142","CMS2",0.84553041141951,0.669554008864438,0.792214242594198,0.771330604479707,0.001,0.00128054298642534
"GSM972143","CMS2",0.803547862123028,0.627133748160042,0.795654204895776,0.652152268916743,0.001,0.00128054298642534
"GSM972144","CMS2",0.796004829174385,0.560233725955228,0.725800749847576,0.739651050486893,0.001,0.00128054298642534
"GSM972145","CMS2",0.764412266839846,0.617731078952354,0.624090636654394,0.7196009148079,0.001,0.00128054298642534
"GSM972146","CMS4",0.652155795635534,0.807892265395061,0.609217835900673,0.590258422220223,0.001,0.00128054298642534
"GSM972147","CMS2",0.718214401582827,0.614084612317158,0.719199320735557,0.70765981190743,0.001,0.00128054298642534
"GSM972148","CMS2",0.794803459724817,0.663636620717585,0.770224501173918,0.719085552000045,0.001,0.00128054298642534
"GSM972149","CMS2",0.764964012252757,0.57697780629959,0.663489658760478,0.73666284372527,0.001,0.00128054298642534
"GSM972150","CMS2",0.774777163945555,0.617817426986108,0.674829392170792,0.717188132350818,0.001,0.00128054298642534
"GSM972151","CMS2",0.815299182354972,0.656035970366531,0.681100052336072,0.833481870962357,0.004995004995005,0.00596449963538571
"GSM972152","CMS2",0.798891016630732,0.607139402101824,0.717471415364202,0.808739287763446,0.001,0.00128054298642534
"GSM972153","CMS2",0.775947285990126,0.652401441635871,0.728329659601345,0.729425687297764,0.001,0.00128054298642534
"GSM972154",NA,0.7257058866331,0.690918039065627,0.70493288626275,0.78808204958669,0.0759240759240759,0.0831199748027601
"GSM972155","CMS3",0.759954469226467,0.67271966432495,0.640940443216263,0.770052510248554,0.001,0.00128054298642534
"GSM972156","CMS2",0.799451228107655,0.620907602736129,0.66880846266114,0.709565058832862,0.001,0.00128054298642534
"GSM972157","CMS4",0.774420107154373,0.67634252972334,0.745889642447798,0.600385606348785,0.001,0.00128054298642534
"GSM972158","CMS4",0.624334845719562,0.745735296624707,0.767365194110304,0.52329804772515,0.001,0.00128054298642534
"GSM972159","CMS3",0.663644763549002,0.755196317058016,0.580213929808557,0.774647646032279,0.001,0.00128054298642534
"GSM972160","CMS4",0.767091503902504,0.64850948496741,0.789362601432812,0.638971966191106,0.001,0.00128054298642534
"GSM972161",NA,0.72494150957212,0.720601489486181,0.701947725166658,0.765926966827591,0.996003996003996,1
"GSM972162","CMS4",0.683511472856529,0.721160236111478,0.754017962909196,0.532300868603579,0.001,0.00128054298642534
"GSM972163","CMS3",0.743340657589954,0.714197767930551,0.628813874939238,0.72439496154069,0.001,0.00128054298642534
"GSM972164","CMS4",0.773146012926427,0.640115638241639,0.775770971804892,0.550541687604592,0.001,0.00128054298642534
"GSM972165","CMS4",0.716623078106837,0.687832840346391,0.678478686685868,0.489111995208257,0.001,0.00128054298642534
"GSM972166","CMS3",0.786235635314671,0.648480979553404,0.628146189946976,0.676679392520992,0.001,0.00128054298642534
"GSM972167","CMS2",0.808836684799587,0.638914896449452,0.755676598419556,0.740303509110937,0.001,0.00128054298642534
"GSM972168","CMS1",0.558263492524697,0.826149089994021,0.629549890835484,0.678343847947203,0.001,0.00128054298642534
"GSM972169","CMS2",0.802928568032032,0.600433154457888,0.708799750966498,0.775885152938248,0.001,0.00128054298642534
"GSM972170","CMS4",0.750746520934594,0.679987921329253,0.798084778637036,0.556293292147798,0.001,0.00128054298642534
"GSM972171","CMS1",0.544132594195221,0.800003797559983,0.774302408479566,0.590255598842834,0.001,0.00128054298642534
"GSM972172",NA,0.657761100623591,0.713070130341357,0.736238326788385,0.761144271705799,0.95004995004995,0.967137179367395
"GSM972173",NA,0.74891612747836,0.662873640187872,0.72979517099966,0.665604692455305,0.933066933066933,0.951560151560152
"GSM972174","CMS2",0.729012019274613,0.621609115702899,0.66199878578652,0.722773688410457,0.001,0.00128054298642534
"GSM972175",NA,0.740267560352917,0.657701219157252,0.730203147164619,0.685994864397882,0.923076923076923,0.943071369064149
"GSM972176","CMS4",0.660305235728066,0.685825668169226,0.725682532495505,0.504400997021923,0.001,0.00128054298642534
"GSM972177","CMS2",0.760068895944236,0.632773092041537,0.668861473530679,0.680974266226898,0.025974025974026,0.0295800778698163
"GSM972178","CMS3",0.724559581904003,0.691949720086358,0.558757718537602,0.783831726077088,0.001,0.00128054298642534
"GSM972179","CMS4",0.68998619366402,0.645249981360104,0.774101282984439,0.527324714444796,0.001,0.00128054298642534
"GSM972180","CMS1",0.578415080708332,0.808131519683014,0.798602318484026,0.747476235938392,0.001,0.00128054298642534
"GSM972181","CMS4",0.655265914157001,0.75289076713487,0.751761979919676,0.388325010748002,0.001,0.00128054298642534
"GSM972182",NA,0.725875196765277,0.638500578705707,0.695735630346873,0.713906147172459,0.151848151848152,0.162776617322072
"GSM972183","CMS3",0.695042016590024,0.751848499814972,0.593582532370459,0.819412870349812,0.001,0.00128054298642534
"GSM972184","CMS4",0.59082557500059,0.812878827877634,0.744640862160847,0.53037119727967,0.001,0.00128054298642534
"GSM972185",NA,0.755358151613013,0.657096217683853,0.708830283432739,0.693612402909357,0.906093906093906,0.930760709345101
"GSM972186","CMS4",0.631769725031536,0.740361670795199,0.709701806021333,0.392082168678703,0.001,0.00128054298642534
"GSM972187","CMS4",0.670158244160341,0.742892764486213,0.722299379019199,0.496276082163513,0.001,0.00128054298642534
"GSM972188",NA,0.772784675571417,0.647688147118187,0.68794784170505,0.7296582755711,0.714285714285714,0.73909636980935
"GSM972189",NA,0.688430081412376,0.742361153760336,0.768314857540946,0.782666492666138,0.146853146853147,0.157720837037725
"GSM972190","CMS2",0.782259165810094,0.599761799147214,0.798043176247176,0.710172724468901,0.001998001998002,0.00245307837498727
"GSM972191","CMS3",0.70962728528252,0.709300685770599,0.616977897432086,0.789673304857198,0.001,0.00128054298642534
"GSM972192","CMS4",0.621376862431589,0.718658743332454,0.66027445650448,0.614657726985712,0.001,0.00128054298642534
"GSM972193",NA,0.739466673198153,0.658110232020433,0.746984149433399,0.730229586633181,0.354645354645355,0.375194898559385
"GSM972194","CMS2",0.736478361299797,0.628291570716913,0.768994379124954,0.687561312666452,0.032967032967033,0.0372441929328157
"GSM972195",NA,0.637446852182076,0.728229117158871,0.663326774445445,0.785715049571909,0.178821178821179,0.190967523042995
"GSM972196","CMS1",0.564659828522893,0.808062049924742,0.759125718874018,0.79355076647767,0.001,0.00128054298642534
"GSM972197","CMS3",0.6037459169969,0.781386074168959,0.582549528020819,0.774548893133954,0.001,0.00128054298642534
"GSM972198","CMS2",0.765361912604528,0.60286801239199,0.704637408364434,0.798106798480248,0.001,0.00128054298642534
"GSM972199",NA,0.738677760458314,0.65528451137639,0.704389096979315,0.733228708221944,0.202797202797203,0.216164250062555
"GSM972200","CMS2",0.753983281454784,0.651191897503429,0.722390151890547,0.700165125473603,0.013986013986014,0.0163218225073895
"GSM972201","CMS4",0.701784498693502,0.677193060450908,0.742849117656504,0.441368959116169,0.001,0.00128054298642534
"GSM972202","CMS2",0.723617297230783,0.617750194138326,0.718760681070307,0.753383851464893,0.001,0.00128054298642534
"GSM972203","CMS2",0.718574813982518,0.642675727149813,0.758109173911689,0.674268476714217,0.021978021978022,0.0252836594300009
"GSM972204","CMS4",0.776344344294968,0.696322299865666,0.790859703410754,0.547478535366035,0.001,0.00128054298642534
"GSM972205",NA,0.742351538309906,0.679688928534984,0.819808914437964,0.698918366038341,0.696303696303696,0.723133746986958
"GSM972206","CMS4",0.699457947561851,0.651586388407398,0.63050036341485,0.517856690335608,0.001,0.00128054298642534
"GSM972207","CMS4",0.75604898170812,0.684724204607256,0.794456606573216,0.611980518318642,0.001,0.00128054298642534
"GSM972208","CMS4",0.687964652115965,0.689165068978239,0.772692488617562,0.508354882024242,0.001,0.00128054298642534
"GSM972209","CMS1",0.632570103684111,0.807834004394637,0.780009793425302,0.678293065894389,0.001,0.00128054298642534
"GSM972210","CMS4",0.762596921019931,0.651781350217128,0.799095321006256,0.526542039881516,0.001,0.00128054298642534
"GSM972211","CMS2",0.834572219593529,0.616988282342541,0.745113783473178,0.639181086375807,0.001,0.00128054298642534
"GSM972212",NA,0.716409121704669,0.719460165694791,0.660234449362241,0.834507636367804,0.102897102897103,0.111784568598388
"GSM972213","CMS4",0.718678770562582,0.763013041509341,0.766635980656965,0.641827577241266,0.001,0.00128054298642534
"GSM972214","CMS1",0.558963368937392,0.80164781934891,0.691305671781855,0.800760875317043,0.001,0.00128054298642534
"GSM972215","CMS4",0.660450623828511,0.729569051880224,0.741131679896302,0.644824133317447,0.03996003996004,0.0447868962720448
"GSM972216","CMS2",0.747357086438701,0.605149803418812,0.769714154584593,0.71607261872102,0.003996003996004,0.00483277406354329
"GSM972217","CMS4",0.724251097696856,0.667591331963274,0.756271138440315,0.629027977507401,0.022977022977023,0.0263259008198279
"GSM972218","CMS3",0.714334616283156,0.758362619929562,0.556116322112396,0.880796937932285,0.001,0.00128054298642534
"GSM972219","CMS2",0.818133189316689,0.598771585047942,0.701558815641767,0.691101642631116,0.001,0.00128054298642534
"GSM972220","CMS1",0.560120785605707,0.823012115803733,0.682422182298733,0.788688957816677,0.001,0.00128054298642534
"GSM972221","CMS3",0.650432662569433,0.810951082629348,0.64736925349181,0.892916078850674,0.001998001998002,0.00245307837498727
"GSM972222",NA,0.691552653799989,0.762262322762182,0.691532259130002,0.836044423110469,0.0699300699300699,0.0768551836513002
"GSM972223","CMS3",0.62612432889394,0.842478092450103,0.62500075271971,0.786844891764226,0.001,0.00128054298642534
"GSM972224","CMS1",0.578713812037465,0.837887114086052,0.723349620092989,0.726355675005981,0.001,0.00128054298642534
"GSM972225",NA,0.763662987335455,0.735632100261963,0.76158449620429,0.853345110133552,0.996003996003996,1
"GSM972226","CMS3",0.69066584880954,0.791562948383162,0.595653274362286,0.832746236602046,0.001,0.00128054298642534
"GSM972227","CMS3",0.754113340468521,0.745529911929209,0.61088972318948,0.892363299271107,0.001,0.00128054298642534
"GSM972228","CMS3",0.700929397917666,0.747221699376987,0.657055379256218,0.907769691215558,0.001,0.00128054298642534
"GSM972229","CMS3",0.660489697267786,0.792422585124942,0.651627692760418,0.819692452813232,0.001,0.00128054298642534
"GSM972230","CMS2",0.78308398172469,0.59473200837153,0.719141036031553,0.803290771602707,0.001,0.00128054298642534
"GSM972231","CMS4",0.760527212527023,0.687887636884715,0.797794933160587,0.572252163821534,0.001,0.00128054298642534
"GSM972232","CMS4",0.74404868764651,0.705968436473862,0.79006293828486,0.678877433252388,0.001,0.00128054298642534
"GSM972233",NA,0.794821540048056,0.672672452736736,0.777062340039966,0.835141290530535,0.0559440559440559,0.0617238511975354
"GSM972234","CMS4",0.796286808910325,0.715370576349918,0.696209612265728,0.48879671625042,0.001,0.00128054298642534
"GSM972235",NA,0.791386906294555,0.716542760128337,0.811863391566558,0.718486650982079,0.117882117882118,0.127330684582593
"GSM972236","CMS2",0.807252993897723,0.66529098143271,0.801844909645594,0.833561890125626,0.001998001998002,0.00245307837498727
"GSM972237","CMS2",0.805138704098601,0.698234580143522,0.772622008492229,0.86047005043085,0.036963036963037,0.0415926022287851
"GSM972238","CMS2",0.765602639773226,0.676200863138744,0.819369846103507,0.706543724068201,0.001,0.00128054298642534
"GSM972239",NA,0.801774531797057,0.738643250549903,0.766143572069749,0.798052329598795,0.92007992007992,0.941709285289756
"GSM972240","CMS4",0.601387577936554,0.783444798519132,0.711663115020773,0.599228505987587,0.001,0.00128054298642534
"GSM972241",NA,0.683166724206769,0.756704472814263,0.755196067484248,0.836298030546748,0.0529470529470529,0.0586458551233502
"GSM972242","CMS3",0.764636237654753,0.684492495254498,0.6683967700305,0.728051625530592,0.001,0.00128054298642534
"GSM972243","CMS2",0.810243495127261,0.632721332713426,0.747704295145252,0.803805018143446,0.001,0.00128054298642534
"GSM972244",NA,0.759861347968838,0.681084234888794,0.747018785307259,0.78113315394826,0.463536463536464,0.489480668585146
"GSM972245",NA,0.778137348228908,0.709305952897075,0.714269657663523,0.837268882733814,0.338661338661339,0.358955651090483
"GSM972246","CMS2",0.815790272680919,0.670798288395859,0.736236124581343,0.798621153126641,0.026973026973027,0.0305946558451568
"GSM972247","CMS2",0.776517234993357,0.674566790692014,0.766614605775805,0.83579943418582,0.002997002997003,0.00364796493828752
"GSM972248","CMS2",0.793312248220583,0.685991688670902,0.731185998074475,0.866422617271498,0.001,0.00128054298642534
"GSM972249","CMS2",0.826223498281355,0.621969028737873,0.736939785765891,0.829091447457817,0.001,0.00128054298642534
"GSM972250","CMS2",0.823617182323727,0.617335508560958,0.736555270074784,0.822624808333037,0.001,0.00128054298642534
"GSM972251","CMS4",0.718026957924485,0.689539818312783,0.767457563069712,0.543160487672988,0.001,0.00128054298642534
"GSM972252",NA,0.801974982256996,0.734097643496454,0.800672116931764,0.736755913576464,0.989010989010989,1
"GSM972253","CMS2",0.812584254869256,0.658251315102727,0.722383844286861,0.874852645041944,0.001,0.00128054298642534
"GSM972254","CMS4",0.756603840902225,0.630187584479313,0.752141619786275,0.592681509433815,0.001,0.00128054298642534
"GSM972255","CMS4",0.812111179001406,0.710600393210556,0.773842664176511,0.589431196604403,0.001,0.00128054298642534
"GSM972256","CMS2",0.819027935242056,0.619208666978827,0.742012415931899,0.801809401842766,0.001,0.00128054298642534
"GSM972257",NA,0.771989680510996,0.683563556335682,0.757724849597543,0.852627158063467,0.528471528471528,0.552892578770582
"GSM972258","CMS2",0.817528064053101,0.618126812783851,0.765349901395446,0.784477214513108,0.001,0.00128054298642534
"GSM972259","CMS3",0.750265263814986,0.756308906013186,0.619161968710658,0.829981363447607,0.001,0.00128054298642534
"GSM972260","CMS2",0.788358698303276,0.649392906540952,0.721072923733079,0.757692003092129,0.001,0.00128054298642534
"GSM972261","CMS1",0.614271455465308,0.806747750112181,0.695245847284669,0.820100693441211,0.001,0.00128054298642534
"GSM972262","CMS4",0.624118372642951,0.807433706666739,0.747000251744513,0.537757848878945,0.001,0.00128054298642534
"GSM972263",NA,0.686057217525009,0.773313318914431,0.734794320474215,0.823482322482049,0.0779220779220779,0.085142656571228
"GSM972264","CMS1",0.66450974815808,0.785090209593236,0.747100912102805,0.871928869521454,0.020979020979021,0.0242824660002574
"GSM972265","CMS1",0.623030464325648,0.823243876158764,0.71081178461214,0.782225768976134,0.001,0.00128054298642534
"GSM972266",NA,0.714474245510859,0.721391945511531,0.707432119335934,0.871803802165517,0.974025974025974,0.989764275222085
"GSM972267","CMS2",0.83531635871725,0.646654178213389,0.778367981072051,0.809608619574593,0.001,0.00128054298642534
"GSM972268","CMS3",0.753848977762808,0.740498521254232,0.557429661823934,0.849175421500426,0.001,0.00128054298642534
"GSM972269",NA,0.729098941493049,0.747407168983239,0.701428765257098,0.845873765393951,0.742257742257742,0.765242043930569
"GSM972270","CMS1",0.643898619125606,0.766074616400865,0.65401317891941,0.853890965890932,0.001,0.00128054298642534
"GSM972271",NA,0.783761041593881,0.681412655523073,0.760079821082913,0.832566433800986,0.051948051948052,0.0576521517697988
"GSM972272",NA,0.798858517292301,0.69489147001801,0.702746142378087,0.876577745991153,0.047952047952048,0.0534268880725574
"GSM972273","CMS3",0.770734736944235,0.723393931343317,0.659093977267023,0.893671168694188,0.001,0.00128054298642534
"GSM972274","CMS1",0.527787707140797,0.823062921344684,0.753848548506563,0.718794541652247,0.001,0.00128054298642534
"GSM972275","CMS1",0.571534521273529,0.799049822069843,0.764739646154569,0.615372587659224,0.001,0.00128054298642534
"GSM972276","CMS1",0.581426962104476,0.790498182892605,0.719501193660588,0.830164800826862,0.001,0.00128054298642534
"GSM972277","CMS1",0.630325450082718,0.816937304182606,0.675579025697657,0.849072285490163,0.002997002997003,0.00364796493828752
"GSM972278","CMS1",0.637732648477083,0.819625786286419,0.698904901154522,0.836030785804579,0.001,0.00128054298642534
"GSM972279","CMS1",0.658012619446572,0.794385302705537,0.750501887888326,0.66959691042439,0.001,0.00128054298642534
"GSM972280","CMS1",0.615596123248237,0.825398840369271,0.713046103896593,0.76270955327616,0.001,0.00128054298642534
"GSM972281","CMS2",0.743485895900559,0.662595548407885,0.751290072462207,0.801959910897451,0.001,0.00128054298642534
"GSM972282",NA,0.740294539577659,0.723234656633347,0.752130097740174,0.840387210296917,1,1
"GSM972283","CMS1",0.551781773184636,0.829395446466057,0.740066340818324,0.765756958452749,0.001,0.00128054298642534
"GSM972284","CMS2",0.820694871712133,0.69075573691377,0.728764436314639,0.865871137695024,0.014985014985015,0.0174516841183508
"GSM972285","CMS3",0.691006424003888,0.754679104015469,0.671259323380015,0.806686072167518,0.021978021978022,0.0252836594300009
"GSM972286","CMS1",0.646390554889906,0.84053195858993,0.675829921638186,0.809134767533324,0.001,0.00128054298642534
"GSM972287","CMS1",0.583205632698924,0.829558258575085,0.728331675966026,0.656025036174295,0.001,0.00128054298642534
"GSM972288","CMS2",0.814787371454082,0.650818556874027,0.767359441367828,0.806444063967629,0.001998001998002,0.00245307837498727
"GSM972289","CMS2",0.839804661053164,0.659737900586715,0.762756773007016,0.851176217020609,0.001,0.00128054298642534
"GSM972290","CMS4",0.72600820653396,0.67210573186906,0.758030880416171,0.620539164467188,0.001,0.00128054298642534
"GSM972291",NA,0.74467299118439,0.73451137215907,0.756787271737304,0.762869992140777,1,1
"GSM972292","CMS1",0.600526561141418,0.818523083043514,0.693193610089929,0.820759862299843,0.001,0.00128054298642534
"GSM972293","CMS1",0.635607171929008,0.753726554341793,0.702170906789083,0.707066355838304,0.001,0.00128054298642534
"GSM972294","CMS1",0.582510627824336,0.826001108856241,0.791369732056593,0.769829832730407,0.001,0.00128054298642534
"GSM972295",NA,0.766616209967412,0.701941517549691,0.705139809961426,0.840102373736768,0.838161838161838,0.862544727999274
"GSM972296","CMS3",0.691333627766352,0.728960806606104,0.636668642043252,0.905388879735325,0.001,0.00128054298642534
"GSM972297","CMS4",0.724812621755002,0.751491760292686,0.684807734525395,0.655460606358928,0.001,0.00128054298642534
"GSM972298","CMS1",0.585856368164176,0.775394781470395,0.631769315707031,0.853340198409933,0.001,0.00128054298642534
"GSM972299","CMS2",0.837667406311739,0.668926928643954,0.801756541557368,0.745742788955189,0.001998001998002,0.00245307837498727
"GSM972300","CMS3",0.731509972139187,0.750611068461496,0.625164830037613,0.856778869433909,0.001,0.00128054298642534
"GSM972301","CMS3",0.666223056881447,0.688371856273819,0.572288650890622,0.721050117439068,0.001,0.00128054298642534
"GSM972302","CMS3",0.768280900588268,0.671699623998934,0.651445258208265,0.88580126314137,0.001998001998002,0.00245307837498727
"GSM972303","CMS2",0.801105785425456,0.623215211188111,0.757293477156708,0.875295225339328,0.001,0.00128054298642534
"GSM972304","CMS3",0.733429064864753,0.657824159854666,0.63834679328997,0.914909371106587,0.001,0.00128054298642534
"GSM972305","CMS3",0.628838275837211,0.740777320696592,0.576400883544602,0.783014278167769,0.001,0.00128054298642534
"GSM972306","CMS2",0.75952709855149,0.605382770182342,0.702147804048296,0.85353361569859,0.001,0.00128054298642534
"GSM972307",NA,0.776340830908348,0.646905833953977,0.709908390586313,0.894176548555595,0.0539460539460539,0.0596356768231768
"GSM972308","CMS1",0.67000894859855,0.797138381375194,0.683879005416215,0.836198118240302,0.040959040959041,0.0458158442348166
"GSM972309","CMS2",0.776915590303174,0.637456200002432,0.68989844663912,0.888872103553758,0.001998001998002,0.00245307837498727
"GSM972310","CMS3",0.719351820661705,0.729656943139454,0.621792095144736,0.799679006345759,0.001,0.00128054298642534
"GSM972311",NA,0.726439305106006,0.735521431152632,0.753071968291945,0.714492801283215,1,1
"GSM972312","CMS2",0.752471248758319,0.638696210195527,0.761403377362053,0.833262368176603,0.013986013986014,0.0163218225073895
"GSM972313",NA,0.768796140749324,0.661370110906511,0.758821863909057,0.815709195476549,0.114885114885115,0.124330736185421
"GSM972314","CMS1",0.602375845615231,0.774488867063046,0.765412483782568,0.808345347664186,0.001,0.00128054298642534
"GSM972315","CMS3",0.713626813288162,0.677204509065743,0.594249200688404,0.872774910281636,0.001,0.00128054298642534
"GSM972316","CMS1",0.589485814697604,0.813618771412198,0.642160851536792,0.832434914693281,0.001,0.00128054298642534
"GSM972317","CMS1",0.558718075664775,0.802934594922008,0.670869232770159,0.800005813920492,0.001,0.00128054298642534
"GSM972318","CMS2",0.796735278769898,0.654023476315824,0.754429798597673,0.808320651468045,0.021978021978022,0.0252836594300009
"GSM972319","CMS2",0.731473948049482,0.629615633072223,0.700026694520841,0.875793421773977,0.001998001998002,0.00245307837498727
"GSM972320","CMS2",0.779197751850528,0.612498822274244,0.64699887264967,0.845942846554213,0.001,0.00128054298642534
"GSM972321","CMS2",0.74803042608662,0.631391522919151,0.661679104467346,0.778455946667225,0.001,0.00128054298642534
"GSM972322","CMS2",0.777050441007409,0.63794286216533,0.711926095488014,0.823440546553039,0.001998001998002,0.00245307837498727
"GSM972323","CMS2",0.804474613743234,0.629630216221282,0.723724950018513,0.859666905204002,0.001998001998002,0.00245307837498727
"GSM972324","CMS2",0.737315105279112,0.633810104024756,0.723250485013169,0.821895072635721,0.001,0.00128054298642534
"GSM972325","CMS1",0.600644236486463,0.76968351115212,0.640050450123458,0.820423660112742,0.001,0.00128054298642534
"GSM972326","CMS3",0.701963443774333,0.721650188252936,0.575872289209721,0.887820151423957,0.001,0.00128054298642534
"GSM972327","CMS3",0.624513493971322,0.746283108825824,0.571418951102073,0.680963861307686,0.001,0.00128054298642534
"GSM972328","CMS2",0.808407404550106,0.644596334973208,0.752128357829585,0.709413187384854,0.002997002997003,0.00364796493828752
"GSM972329","CMS3",0.729615973812778,0.65701262923229,0.62501030385685,0.795435822395572,0.001,0.00128054298642534
"GSM972330","CMS1",0.601269707638657,0.789164246675194,0.716658021228471,0.741288699852296,0.001,0.00128054298642534
"GSM972331","CMS2",0.806203159116214,0.636239168850231,0.725601999491144,0.82049661125795,0.001,0.00128054298642534
"GSM972332","CMS1",0.522533613199975,0.789542660310065,0.664705647974059,0.717489776296128,0.001,0.00128054298642534
"GSM972333","CMS2",0.76623341296794,0.596397409980341,0.676656148635597,0.805451183858237,0.001,0.00128054298642534
"GSM972334","CMS1",0.505737375350794,0.813989903713725,0.741294068891246,0.672048147419363,0.001,0.00128054298642534
"GSM972335","CMS2",0.803317188714711,0.637452421031303,0.727878850274264,0.842547858835409,0.001,0.00128054298642534
"GSM972336","CMS2",0.805744376177481,0.642619553876734,0.711760810772325,0.879185110429334,0.001,0.00128054298642534
"GSM972337","CMS1",0.555689040233839,0.779368678064714,0.664271147267696,0.810500874303993,0.001,0.00128054298642534
"GSM972338","CMS2",0.780778448588915,0.593122617929061,0.706914652873269,0.864922797409223,0.001,0.00128054298642534
"GSM972339","CMS2",0.745116801869884,0.669474512903721,0.683100666371252,0.844036547292308,0.010989010989011,0.012904108339793
"GSM972340","CMS2",0.782629183693385,0.578960124177381,0.657357611788639,0.819293091668105,0.001,0.00128054298642534
"GSM972341",NA,0.675674772809472,0.686154704327929,0.718475883553713,0.850822368353008,0.101898101898102,0.110912164758319
"GSM972342","CMS2",0.778733729462251,0.564270778016511,0.709373395778459,0.783625657862193,0.001,0.00128054298642534
"GSM972343",NA,0.747703986782282,0.709781431491701,0.775396739961344,0.839851157746717,0.991008991008991,1
"GSM972344",NA,0.746395119788532,0.664545967903327,0.765651722817684,0.770080884463642,0.106893106893107,0.115903253834288
"GSM972345","CMS4",0.699353588217469,0.707962364207083,0.712790884107662,0.569763254636241,0.001,0.00128054298642534
"GSM972346","CMS1",0.629876463725272,0.814441365432616,0.666172028784901,0.828071418041854,0.001998001998002,0.00245307837498727
"GSM972347","CMS2",0.774306121191862,0.63930941681393,0.780746019224529,0.830847356329865,0.001,0.00128054298642534
"GSM972348",NA,0.738056486135799,0.705259531154601,0.711991455870975,0.875285832896564,0.729270729270729,0.753224877312468
"GSM972349","CMS4",0.60468108050193,0.762898190003962,0.696981272743142,0.435490123583739,0.001,0.00128054298642534
"GSM972350","CMS3",0.731603945595516,0.684138832696937,0.648199399458955,0.898323172866563,0.001998001998002,0.00245307837498727
"GSM972351","CMS2",0.745675850829653,0.594457047165117,0.662864728091122,0.710497067709809,0.001,0.00128054298642534
"GSM972352","CMS4",0.705522629253574,0.71190574497415,0.726745205765009,0.471620511631547,0.001,0.00128054298642534
"GSM972353","CMS1",0.599028477318479,0.740241261845743,0.758656799580873,0.632972700647863,0.001,0.00128054298642534
"GSM972354","CMS1",0.645400068335466,0.73747071729161,0.780353548385074,0.706849813573342,0.004995004995005,0.00596449963538571
"GSM972355","CMS4",0.737638952932229,0.68966374241458,0.677374813338368,0.510606265138765,0.001,0.00128054298642534
"GSM972356","CMS2",0.768470573398123,0.60363480439457,0.782811021531363,0.803077190682815,0.001,0.00128054298642534
"GSM972357","CMS3",0.725398144064395,0.688911182196421,0.628032262813762,0.750431370581697,0.001,0.00128054298642534
"GSM972358","CMS2",0.765316976863279,0.638961753469911,0.764716014158142,0.696454122547656,0.001,0.00128054298642534
"GSM972359","CMS4",0.697303428917773,0.712060123576479,0.703263796000566,0.453430069276227,0.001,0.00128054298642534
"GSM972360",NA,0.674032204583958,0.737503181359074,0.784349706428974,0.658451913182439,0.158841158841159,0.169951031954813
"GSM972361","CMS4",0.618285067504277,0.784863895345894,0.79214917726193,0.522401801864627,0.001,0.00128054298642534
"GSM972362","CMS2",0.733526321079781,0.603967672456739,0.708629669755491,0.729362668991403,0.001,0.00128054298642534
"GSM972363","CMS2",0.668293841807081,0.63103375864556,0.768939831882187,0.699798603061103,0.004995004995005,0.00596449963538571
"GSM972364","CMS3",0.686341288559684,0.797442462694346,0.576019778155176,0.787991168177923,0.001,0.00128054298642534
"GSM972365","CMS4",0.574313386718955,0.784464179674492,0.716286889890683,0.50259436709994,0.001,0.00128054298642534
"GSM972366","CMS4",0.644814386241714,0.720457098035039,0.633092605569672,0.565484802162617,0.001,0.00128054298642534
"GSM972367","CMS4",0.696970532605361,0.663332246479019,0.746143879953714,0.369808335245297,0.001,0.00128054298642534
"GSM972368","CMS2",0.74262946618841,0.623102923979221,0.781127386288478,0.82964170915523,0.001,0.00128054298642534
"GSM972369","CMS4",0.691714773233754,0.694866965585542,0.760079754094431,0.427652962798437,0.001,0.00128054298642534
"GSM972370","CMS2",0.797905973210435,0.588508550846753,0.766546382773874,0.705152152731176,0.001,0.00128054298642534
"GSM972371","CMS2",0.782113476970421,0.597494062459016,0.737298571878206,0.671082051194321,0.001,0.00128054298642534
"GSM972372","CMS2",0.725223736306287,0.601478459084874,0.70807498618703,0.653022760161594,0.001,0.00128054298642534
"GSM972373","CMS2",0.795774967411385,0.58863619869948,0.728363178139738,0.702036021252715,0.001,0.00128054298642534
"GSM972374","CMS2",0.69656902399526,0.627367589664547,0.699522453420779,0.704626932146427,0.001,0.00128054298642534
"GSM972375","CMS4",0.671426493883899,0.681402069414078,0.765451645366939,0.523647690103566,0.001,0.00128054298642534
"GSM972376","CMS4",0.732731441571998,0.622771500397097,0.732582935416385,0.479638359411678,0.001,0.00128054298642534
"GSM972377","CMS4",0.712546516403372,0.646303930789668,0.723732469012566,0.446595637262101,0.001,0.00128054298642534
"GSM972378","CMS4",0.766569964062228,0.604242843032539,0.75124826009032,0.592072401871233,0.001,0.00128054298642534
"GSM972379","CMS3",0.758625541036524,0.667834136446032,0.628437172418753,0.854154480241255,0.001,0.00128054298642534
"GSM972380","CMS4",0.63661100213429,0.757183945253441,0.77386415776276,0.484503798039053,0.001,0.00128054298642534
"GSM972381","CMS2",0.791202593719387,0.623750727437287,0.681132352711686,0.663493482728376,0.001,0.00128054298642534
"GSM972382","CMS2",0.774863955436835,0.552889808035937,0.734351905011348,0.68106110284355,0.001,0.00128054298642534
"GSM972383","CMS2",0.778487713080852,0.561013028726403,0.697127651308122,0.755121538128733,0.001,0.00128054298642534
"GSM972384","CMS4",0.71874039604331,0.711002360922155,0.729026997207935,0.607429659574497,0.001,0.00128054298642534
"GSM972385","CMS4",0.695893096339009,0.656189941313787,0.735825960729997,0.43528104133608,0.001,0.00128054298642534
"GSM972386","CMS2",0.784008433450495,0.648893480682792,0.745894178733125,0.816479695811877,0.004995004995005,0.00596449963538571
"GSM972387","CMS2",0.789850246558777,0.561234929532121,0.69003431710248,0.805050910569003,0.001,0.00128054298642534
"GSM972388","CMS2",0.772557190106639,0.627246665612266,0.753434213744582,0.759668400743378,0.001,0.00128054298642534
"GSM972389","CMS3",0.703837427057352,0.796319346312645,0.589764953782562,0.873354114303683,0.001,0.00128054298642534
"GSM972390",NA,0.627030445821547,0.721440034151426,0.626839451180707,0.713243247406318,0.206793206793207,0.220009313994276
"GSM972391","CMS1",0.584985761614183,0.779301587645939,0.660315076497255,0.695439000402338,0.001998001998002,0.00245307837498727
"GSM972392","CMS2",0.70924566575474,0.615867629180393,0.719890257640247,0.739788216182133,0.00599400599400599,0.00706793206793207
"GSM972393","CMS2",0.728316014746052,0.592371233756003,0.723595407177717,0.630429327929109,0.001,0.00128054298642534
"GSM972394","CMS4",0.671259356062101,0.70095736911546,0.621145855562183,0.571031961107708,0.001,0.00128054298642534
"GSM972395","CMS2",0.767083558218309,0.6333596369059,0.746368749151727,0.752789639432786,0.001,0.00128054298642534
"GSM972396","CMS3",0.767190606634904,0.71311836980687,0.562344809397328,0.859540480098824,0.001,0.00128054298642534
"GSM972397",NA,0.748699692138849,0.648530405305846,0.776419821335269,0.822252947086319,0.554445554445554,0.57899664910735
"GSM972398",NA,0.789052989831584,0.675103040107319,0.764003467150713,0.848113081291767,0.679320679320679,0.706793206793207
"GSM972399","CMS2",0.725065150500643,0.589012196333908,0.75362096092036,0.693603513810134,0.001,0.00128054298642534
"GSM972400","CMS3",0.699783500573137,0.692157991511913,0.594082891014743,0.672899382692879,0.001,0.00128054298642534
"GSM972401","CMS4",0.617596778088645,0.781390260733334,0.732960474521889,0.448847439967367,0.001,0.00128054298642534
"GSM972402","CMS4",0.658100240280139,0.743845391318874,0.678244348206523,0.503010502325273,0.001,0.00128054298642534
"GSM972403","CMS1",0.567861882500527,0.777728316514295,0.687667406947675,0.676830515836906,0.001,0.00128054298642534
"GSM972404","CMS2",0.756322545337167,0.577076949317443,0.69379318824231,0.631012187786938,0.001,0.00128054298642534
"GSM972405","CMS4",0.757176228593052,0.657776524276046,0.743479280124477,0.637867252584077,0.001,0.00128054298642534
"GSM972406","CMS1",0.539133755626399,0.782983135739265,0.694984729311411,0.602515976495651,0.001,0.00128054298642534
"GSM972407","CMS4",0.766904028657349,0.626885823900773,0.753290050133942,0.472139765293445,0.001,0.00128054298642534
"GSM972408","CMS1",0.625719570030805,0.699453509522125,0.695798311974654,0.657177163800818,0.001,0.00128054298642534
"GSM972409","CMS4",0.669493052689213,0.734916594090246,0.775253376473565,0.428524583343089,0.001,0.00128054298642534
"GSM972410","CMS4",0.67158814290206,0.668392904608705,0.716071399353314,0.357195856980476,0.001,0.00128054298642534
"GSM972411","CMS2",0.779063326546574,0.606598393176416,0.758858599618516,0.806814793380367,0.001,0.00128054298642534
"GSM972412","CMS4",0.69660859669576,0.719282121238359,0.703735275502932,0.615650786820922,0.001,0.00128054298642534
"GSM972413","CMS4",0.712766687261929,0.738486694426883,0.756760884713431,0.376405897091354,0.001,0.00128054298642534
"GSM972414","CMS2",0.822528759081295,0.632147528349416,0.797051235188654,0.758583411143965,0.001,0.00128054298642534
"GSM972415","CMS2",0.789058916763072,0.619768321105512,0.702033623966627,0.797124279000685,0.001,0.00128054298642534
"GSM972416","CMS4",0.701858631956216,0.716910218762078,0.674284782719403,0.498143293162636,0.001,0.00128054298642534
"GSM972417","CMS4",0.767902212274645,0.643224202863842,0.753345116530956,0.531556811582705,0.001,0.00128054298642534
"GSM972418","CMS2",0.795280438218476,0.624203136566655,0.786880186610647,0.631720015023246,0.004995004995005,0.00596449963538571
"GSM972419","CMS4",0.725926223887076,0.724400056320303,0.77006404307736,0.506670420395508,0.001,0.00128054298642534
"GSM972420","CMS1",0.536581811661065,0.768323815641489,0.724972272472967,0.573360845905832,0.001,0.00128054298642534
"GSM972421","CMS4",0.707059674689005,0.654453748748393,0.719934161349646,0.428217004252562,0.001,0.00128054298642534
"GSM972422","CMS4",0.643497748824709,0.727143756132061,0.741776806472166,0.413405100530642,0.001,0.00128054298642534
"GSM972423","CMS4",0.731034908437523,0.621472778152465,0.658289767982743,0.614963068437419,0.001,0.00128054298642534
"GSM972424","CMS2",0.745100734350758,0.626797531477597,0.647722040156101,0.708610551089388,0.001998001998002,0.00245307837498727
"GSM972425","CMS4",0.634058466577444,0.743546470590664,0.671719707019284,0.489535333104748,0.001,0.00128054298642534
"GSM972426","CMS4",0.686096496224395,0.662021353231742,0.694193057583405,0.57104584693662,0.001,0.00128054298642534
"GSM972427","CMS4",0.764542027407085,0.626346841237479,0.740927627158449,0.593462840265712,0.001,0.00128054298642534
"GSM972428","CMS4",0.682895520773009,0.710736318371374,0.725579381135603,0.477365525055185,0.001,0.00128054298642534
"GSM972429","CMS3",0.696265267664632,0.71041073907515,0.638397346545365,0.744066902999079,0.034965034965035,0.0394227286657566
"GSM972430","CMS1",0.581070090398428,0.790550319844881,0.682086419799221,0.637311369961465,0.001,0.00128054298642534
"GSM972431","CMS4",0.739856868414563,0.646584692073616,0.750134065808818,0.521145347442955,0.001,0.00128054298642534
"GSM972432","CMS4",0.745632128414511,0.636517946175035,0.667921888655849,0.509751869890186,0.001,0.00128054298642534
"GSM972433","CMS4",0.676411522825178,0.729061732129228,0.750977232817966,0.398836290516072,0.001,0.00128054298642534
"GSM972434","CMS2",0.783860912243571,0.648655421254526,0.663270855868543,0.851088490851918,0.001,0.00128054298642534
"GSM972435","CMS2",0.810065585019217,0.605239118452611,0.694211571762674,0.61845061471827,0.001,0.00128054298642534
"GSM972436",NA,0.792052887025932,0.680687988020222,0.742462479598163,0.737598764905394,0.135864135864136,0.14619600931388
"GSM972437","CMS4",0.757109151827465,0.664606622474208,0.78191093281837,0.449396287648775,0.001,0.00128054298642534
"GSM972438","CMS4",0.644822074180958,0.786160554719561,0.710499166923613,0.4417198007098,0.001,0.00128054298642534
"GSM972439","CMS4",0.787838103858102,0.644332312241112,0.688161927886788,0.572218980443406,0.001,0.00128054298642534
"GSM972440","CMS4",0.593090015590752,0.786840742606122,0.736158401695939,0.544865318979043,0.001,0.00128054298642534
"GSM972441","CMS4",0.700711561498245,0.70156134359822,0.669221758624016,0.436028662191046,0.001,0.00128054298642534
"GSM972442","CMS2",0.674752766029297,0.673120959299848,0.713719424461942,0.724936862612194,0.027972027972028,0.0316643356643357
"GSM972443",NA,0.722075797233449,0.720999074264583,0.717599783576624,0.872689528814693,0.992007992007992,1
"GSM972444","CMS1",0.54927831563295,0.794566085525137,0.721965616111048,0.560888186020602,0.001,0.00128054298642534
"GSM972445","CMS1",0.632222919415157,0.797659306623397,0.770562366332548,0.760028274995375,0.001,0.00128054298642534
"GSM972446","CMS3",0.766625953594669,0.772710709689377,0.681886068592473,0.769141178986016,0.025974025974026,0.0295800778698163
"GSM972447","CMS1",0.578735662322603,0.766139005652023,0.611537268691412,0.773090907829897,0.001,0.00128054298642534
"GSM972448","CMS1",0.613235492971943,0.810951166836773,0.662918793475387,0.79834424593648,0.001,0.00128054298642534
"GSM972449","CMS3",0.661878306850376,0.675556042048987,0.627040718362611,0.773841167862279,0.001,0.00128054298642534
"GSM972450","CMS2",0.75195748231156,0.64160197523257,0.751091126218422,0.844777069929665,0.00599400599400599,0.00706793206793207
"GSM972451","CMS2",0.789425134251347,0.617079091374042,0.677549610175748,0.818787461296348,0.001,0.00128054298642534
"GSM972452","CMS1",0.506202259105368,0.827708819497709,0.720897837453688,0.742070349024692,0.001,0.00128054298642534
"GSM972453","CMS3",0.694378880381866,0.704785860810888,0.593493552886901,0.898589586791555,0.001,0.00128054298642534
"GSM972454","CMS2",0.763152568915638,0.617336966695863,0.700835223727674,0.851497905967105,0.001,0.00128054298642534
"GSM972455","CMS1",0.524288610339266,0.785429457936265,0.687588121671769,0.609248028528365,0.001,0.00128054298642534
"GSM972456","CMS2",0.810093392235893,0.651990556226045,0.748853825123891,0.803470776514057,0.003996003996004,0.00483277406354329
"GSM972457","CMS3",0.721311103621487,0.687088747115507,0.561525151792643,0.869088485581192,0.001,0.00128054298642534
"GSM972458","CMS1",0.594621817102936,0.7637438256099,0.735993256045393,0.755596851594504,0.001,0.00128054298642534
"GSM972459","CMS3",0.692516469292339,0.71378399633667,0.605758628219278,0.806746034766586,0.001,0.00128054298642534
"GSM972460",NA,0.707711517500865,0.676878709164766,0.705205890902855,0.813543184180698,0.0719280719280719,0.0788978463397068
"GSM972461","CMS2",0.72003241084593,0.619869439481861,0.6965830688452,0.826750096989785,0.001,0.00128054298642534
"GSM972462","CMS2",0.761829028662526,0.601573977722618,0.747867200936955,0.824738979523601,0.001,0.00128054298642534
"GSM972463","CMS3",0.723554315032307,0.69001272478815,0.544612022827113,0.877557299926741,0.001,0.00128054298642534
"GSM972464","CMS2",0.800520611259569,0.570240067305235,0.777700465400377,0.650239986276746,0.001,0.00128054298642534
"GSM972465","CMS1",0.614239689358077,0.80242964161604,0.675838255809307,0.814741504316179,0.001,0.00128054298642534
"GSM972466",NA,0.740403568795881,0.704152055451756,0.766729808647632,0.865095499862525,0.977022977022977,0.991030474901443
"GSM972467","CMS4",0.692276461850535,0.704364414468106,0.743752026069337,0.400333299043571,0.001,0.00128054298642534
"GSM972468","CMS2",0.760385916188655,0.573864302674805,0.79052338816003,0.74055807985268,0.001,0.00128054298642534
"GSM972469","CMS2",0.751921627385783,0.613979907355927,0.703890752548573,0.811872587162307,0.001,0.00128054298642534
"GSM972470","CMS1",0.621232196423424,0.806498950297334,0.776174055781499,0.660390889338928,0.001,0.00128054298642534
"GSM972471","CMS1",0.613003547621353,0.799326381070127,0.6665886446758,0.861559805197135,0.001,0.00128054298642534
"GSM972472","CMS3",0.708750819499702,0.800645011601926,0.582045132082489,0.810080308902995,0.001,0.00128054298642534
"GSM972473","CMS3",0.667787450664127,0.664656721936777,0.596105048804135,0.830409432308968,0.001,0.00128054298642534
"GSM972474","CMS3",0.652730679859425,0.659847094867793,0.639989125573532,0.70283491850327,0.001,0.00128054298642534
"GSM972475","CMS3",0.720668881433022,0.740184240185258,0.527996271040994,0.87572837378368,0.001,0.00128054298642534
"GSM972476","CMS4",0.67547005779979,0.738236218450439,0.729875697719321,0.444736982543266,0.001,0.00128054298642534
"GSM972477",NA,0.674133050108352,0.684883757023754,0.675828390373703,0.875586060162455,0.500499500499501,0.526547801640738
"GSM972478","CMS2",0.727936779228659,0.603467264824335,0.668169133970864,0.856392798435809,0.001,0.00128054298642534
"GSM972479","CMS4",0.612444821620062,0.789813852423139,0.694923619858197,0.46520112202824,0.001,0.00128054298642534
"GSM972480","CMS3",0.717693200419175,0.666012596420452,0.603487743626529,0.895075778465938,0.001,0.00128054298642534
"GSM972481","CMS4",0.765453110048477,0.61197066265534,0.737889810492865,0.593040197819033,0.001,0.00128054298642534
"GSM972482","CMS3",0.700797225784765,0.769556058953464,0.517384906321956,0.701292900346274,0.001,0.00128054298642534
"GSM972483","CMS2",0.822101929480541,0.666288269921647,0.793835786208299,0.756637100761562,0.042957042957043,0.0479559887843912
"GSM972484","CMS2",0.733842143654348,0.610408630684692,0.736214996969277,0.667862320902676,0.001,0.00128054298642534
"GSM972485","CMS2",0.751743834365962,0.613216769969944,0.751818342102259,0.790246581644505,0.001,0.00128054298642534
"GSM972486","CMS2",0.767895822300961,0.654923511201097,0.708173698903619,0.696826594519028,0.001,0.00128054298642534
"GSM972487","CMS3",0.68666003120622,0.706790991248441,0.556816199614563,0.876365567406715,0.001,0.00128054298642534
"GSM972488","CMS3",0.683013688372292,0.727367529912499,0.518004920777466,0.854599473108276,0.001,0.00128054298642534
"GSM972489","CMS3",0.688001328082801,0.687832232280843,0.508531003041478,0.835026956516598,0.001,0.00128054298642534
"GSM972490","CMS2",0.812480722547961,0.584852067668046,0.741643751472085,0.812259252755989,0.001,0.00128054298642534
"GSM972491","CMS2",0.815851565175259,0.644166638317452,0.79431816308561,0.795689461328569,0.022977022977023,0.0263259008198279
"GSM972492","CMS2",0.711898416958166,0.646450726880216,0.768565178023509,0.817509565049083,0.004995004995005,0.00596449963538571
"GSM972493","CMS2",0.753212382631559,0.632048116687151,0.692264993475324,0.737492907454019,0.001,0.00128054298642534
"GSM972494","CMS1",0.598313489582791,0.706943305666207,0.692280447428014,0.781781727557628,0.001,0.00128054298642534
"GSM972495","CMS2",0.769613508058119,0.617138157110754,0.779154519636353,0.738267115390893,0.001,0.00128054298642534
"GSM972496",NA,0.766836542865442,0.640429035045178,0.703070355120993,0.852980090036096,0.04995004995005,0.0555436704749082
"GSM972497","CMS2",0.815958103494975,0.603213008934097,0.818163425938224,0.702971520885494,0.001,0.00128054298642534
"GSM972498","CMS2",0.742148679464834,0.62444959760445,0.721999784552992,0.771291747647071,0.001,0.00128054298642534
"GSM972499","CMS1",0.521785281624918,0.821454518703163,0.756240277427232,0.781979895208877,0.001,0.00128054298642534
"GSM972500","CMS4",0.659577777276908,0.758568650777524,0.690644056951239,0.53655302113527,0.001,0.00128054298642534
"GSM972501",NA,0.717397123971046,0.646636329499776,0.789941925255909,0.686242939111389,0.0689310689310689,0.0759046401069747
"GSM972502","CMS3",0.704071955201763,0.742353703200705,0.591351569777835,0.871306546051027,0.001,0.00128054298642534
"GSM972503","CMS4",0.700019472837336,0.662078506722985,0.635906924218848,0.551420833691207,0.001,0.00128054298642534
"GSM972504","CMS4",0.69182382880725,0.690103283078936,0.730366301056645,0.618721437005398,0.001,0.00128054298642534
"GSM972505",NA,0.701943058208312,0.652734654900248,0.682316943719081,0.724814888630713,0.127872127872128,0.137858332144046
"GSM972506","CMS2",0.717531321586933,0.600392663203851,0.633527075319314,0.671883678863541,0.001,0.00128054298642534
"GSM972507","CMS1",0.599855145826785,0.773010892239127,0.6169389868517,0.873427913483348,0.001,0.00128054298642534
"GSM972508","CMS2",0.760768233441274,0.637113136929849,0.711678423017661,0.873970951025651,0.001,0.00128054298642534
"GSM972509","CMS2",0.772369550319871,0.637273545605928,0.71443814125698,0.857474546786518,0.001,0.00128054298642534
"GSM972510","CMS3",0.757150822948457,0.731311012701715,0.602820187700124,0.912460624464235,0.001,0.00128054298642534
"GSM972511","CMS2",0.766125054423523,0.645184798669641,0.747467564131865,0.832184901662583,0.001,0.00128054298642534
"GSM972512","CMS3",0.653314772974127,0.728298521203178,0.58978112929344,0.871050148718691,0.001,0.00128054298642534
"GSM972513","CMS2",0.819864157152119,0.659740258520735,0.770833635156133,0.819140071340945,0.001,0.00128054298642534
"GSM972514","CMS2",0.813850891990184,0.654990589619309,0.767147836830323,0.858931320254517,0.001,0.00128054298642534
"GSM972515","CMS2",0.805288526446155,0.681101821016298,0.709887131053771,0.904953142995994,0.001998001998002,0.00245307837498727
"GSM972516","CMS2",0.775145618367271,0.686858451870916,0.690892347774103,0.908963581103776,0.00599400599400599,0.00706793206793207
"GSM972517","CMS2",0.755331645129324,0.641086387405658,0.719788040919264,0.764270537517912,0.001,0.00128054298642534
"GSM972518","CMS4",0.693528273318794,0.673289716874228,0.680277517521229,0.607295760779297,0.00599400599400599,0.00706793206793207
"GSM972519","CMS4",0.729743054254655,0.642867761590584,0.664806581254333,0.611104013540346,0.001,0.00128054298642534
"GSM972520",NA,0.696376329962857,0.716503586450776,0.730314139530631,0.815577327440771,0.518481518481518,0.544453691021409
"GSM972521","CMS4",0.718597733562047,0.714082657025049,0.78018571231173,0.565737742972969,0.001,0.00128054298642534
"GSM972522","CMS1",0.627051621199923,0.740701018554005,0.658928055184117,0.642243435022597,0.001,0.00128054298642534
